Brightness,Offset_at_75_to_Center,Offset_at_120_to_Center,Offset_at_165_to_Center,Threshold_Gray,Min_Track_width,Red,Blue,Green,Led_Brightness,LEFT_DISTANCE,RIGHT_DISTANCE,ULTRASONIC_SAMPELS
0,0,0,0,0,0,0,0,0,,,,
100,20,29,110,24,19,151,145,188,,,,
100,20,29,110,24,19,151,145,188,,,,
100,20,29,110,24,19,151,145,188,,,,
100,20,29,110,24,19,151,145,188,,,,
100,20,29,110,24,19,151,145,188,,,,
100,20,29,110,24,6,54,84,17,,,,
100,20,29,110,24,1,3,2,5,,,,
100,20,29,110,24,1,3,2,5,,,,
100,20,29,110,24,1,3,2,6,,,,
100,20,29,110,24,1,3,2,6,,,,
100,20,29,110,24,1,3,2,6,,,,
100,20,29,110,24,1,3,2,6,,,,
100,20,29,110,24,1,3,2,6,,,,
100,20,29,110,24,1,3,2,6,,,,
100,20,29,110,24,1,3,2,6,,,,
100,20,29,110,24,1,3,2,6,,,,
100,20,29,110,24,1,3,2,6,,,,
100,20,29,110,24,1,3,2,6,,,,
100,20,29,110,24,1,3,2,6,,,,
100,20,29,110,24,1,3,2,6,,,,
100,20,29,110,24,1,3,2,6,,,,
0,20,29,110,24,1,3,2,6,,,,
196,20,29,110,24,1,3,2,6,,,,
255,20,29,110,24,1,3,2,6,,,,
255,20,29,110,24,255,163,237,128,,,,
255,20,29,110,24,0,255,0,255,,,,
255,20,29,110,24,0,0,255,255,,,,
255,20,29,110,24,255,0,0,255,,,,
255,20,29,110,24,255,0,0,73,,,,
255,20,29,110,24,255,0,0,0,,,,
255,20,29,110,24,255,0,0,0,,,,
255,20,29,110,24,255,0,0,0,,,,
255,20,29,110,24,255,0,0,0,,,,
255,20,29,110,24,68,98,104,0,,,,
255,20,29,110,24,68,98,104,0,,,,
255,20,29,110,24,68,98,104,0,,,,
255,20,29,110,24,68,98,104,255,,,,
255,20,29,110,24,68,98,104,255,,,,
255,20,29,110,24,68,98,104,255,,,,
255,20,29,110,24,68,98,104,0,,,,
255,20,29,110,24,68,98,104,0,,,,
255,20,29,110,24,68,98,104,0,,,,
255,20,29,110,24,68,98,104,255,,,,
255,20,29,110,24,68,98,104,255,,,,
255,20,29,110,24,68,98,104,255,,,,
255,20,29,110,24,68,98,104,0,,,,
255,20,29,110,24,68,98,104,0,,,,
255,20,29,110,24,68,98,104,0,,,,
255,20,29,110,24,68,98,104,0,,,,
255,20,29,110,24,68,98,104,0,,,,
255,20,29,110,24,68,98,104,0,,,,
255,20,29,110,24,68,98,104,0,,,,
255,20,29,110,24,68,98,104,0,,,,
255,20,29,110,24,68,98,104,0,,,,
255,20,29,110,24,68,98,104,0,,,,
255,20,29,110,24,68,98,104,0,,,,
255,20,29,110,24,68,98,104,0,,,,
255,20,29,110,24,68,98,104,0,,,,
26,20,29,110,24,68,98,104,0,,,,
0,20,29,110,24,68,98,104,0,,,,
255,20,29,110,24,68,98,104,0,,,,
122,20,29,110,24,68,98,104,0,,,,
72,20,29,110,24,68,98,104,0,,,,
38,20,29,110,24,68,98,104,0,,,,
16,20,29,110,24,68,98,104,0,,,,
10,20,29,110,24,68,98,104,0,,,,
5,20,29,110,24,68,98,104,0,,,,
192,20,29,110,24,68,98,104,0,,,,
255,20,29,110,24,68,98,104,0,,,,
206,20,29,110,24,68,98,104,0,,,,
206,20,29,110,24,68,98,104,0,,,,
128,20,29,110,24,68,98,104,0,,,,
105,20,29,110,24,68,98,104,0,,,,
105,20,29,110,24,68,98,104,0,,,,
105,20,29,110,24,98,98,104,255,,,,
105,20,29,110,24,98,98,104,28,,,,
105,20,29,110,24,98,98,104,28,,,,
105,20,29,110,24,98,98,104,28,,,,
105,20,29,110,24,98,98,104,255,,,,
105,20,29,110,24,98,98,104,255,,,,
105,20,29,110,24,98,98,104,255,,,,
105,20,29,110,24,98,98,104,98,,,,
105,20,29,110,24,255,98,104,98,,,,
105,20,29,110,24,255,98,172,98,,,,
105,20,29,110,24,255,98,172,0,,,,
105,20,29,110,24,255,98,172,255,,,,
105,20,29,110,24,255,0,0,255,,,,
105,20,29,110,24,255,0,0,255,,,,
105,20,29,110,24,0,0,255,255,,,,
105,20,29,110,24,0,0,255,255,,,,
105,20,29,110,24,0,0,255,255,,,,
105,20,29,110,24,0,0,255,0,,,,
105,20,29,110,24,0,0,255,0,,,,
105,20,29,110,24,0,0,255,0,,,,
105,20,29,110,24,0,0,255,0,,,,
105,20,29,110,24,0,0,255,0,,,,
105,20,29,110,24,0,0,255,0,,,,
105,20,29,110,24,0,0,255,0,,,,
105,20,29,110,24,0,0,255,0,,,,
105,20,29,110,24,0,255,0,0,,,,
105,20,29,110,24,0,255,0,0,,,,
105,20,29,110,24,109,133,167,0,,,,
105,20,29,110,24,109,133,167,96,,,,
105,20,29,110,24,109,66,167,96,,,,
105,20,29,110,24,109,66,167,96,,,,
105,20,29,110,24,109,66,167,0,,,,
105,20,29,110,24,109,66,167,255,,,,
105,20,29,110,24,109,66,167,255,,,,
105,20,29,110,24,109,66,167,255,,,,
105,20,29,110,24,0,0,0,255,,,,
105,20,29,110,24,0,0,0,255,,,,
105,20,29,110,24,0,0,0,255,,,,
105,20,29,110,24,0,0,0,0,,,,
105,20,29,110,24,0,0,0,0,,,,
105,20,29,110,24,0,0,0,0,,,,
105,20,29,110,24,0,0,0,0,,,,
105,20,29,110,24,0,0,0,0,,,,
105,20,29,110,24,0,0,0,0,,,,
105,20,29,110,24,0,0,0,0,,,,
105,20,29,110,24,0,0,0,255,,,,
105,20,29,110,24,0,0,0,255,,,,
105,20,29,110,24,0,94,0,255,,,,
105,20,29,110,24,0,94,0,255,,,,
105,20,29,110,24,0,255,0,255,,,,
105,20,29,110,24,0,255,0,164,,,,
105,20,29,110,24,0,255,0,255,,,,
105,20,29,110,24,0,66,0,255,,,,
105,20,29,110,24,0,66,0,255,,,,
105,20,29,110,24,0,255,0,255,,,,
105,20,29,110,24,0,255,0,0,,,,
105,20,29,110,24,255,0,255,0,,,,
105,20,29,110,24,255,0,255,255,,,,
105,20,29,110,24,255,0,255,248,,,,
105,20,29,110,24,228,0,255,248,,,,
105,20,29,110,24,168,0,255,248,,,,
105,20,29,110,24,101,0,255,248,,,,
105,20,29,110,24,0,0,255,248,,,,
105,20,29,110,24,0,0,255,248,,,,
105,20,29,110,24,0,0,255,248,,,,
105,20,29,110,24,0,0,45,248,,,,
105,20,29,110,24,0,0,255,0,,,,
105,20,29,110,24,0,255,0,0,,,,
105,20,29,110,24,0,0,0,0,,,,
105,20,29,110,24,255,0,0,0,,,,
105,20,29,110,24,255,0,142,0,,,,
105,20,29,110,24,255,188,142,0,,,,
105,20,29,110,24,0,188,0,0,,,,
105,20,29,110,24,0,188,0,0,,,,
105,20,29,110,24,0,188,0,0,,,,
105,20,29,110,24,0,188,0,0,,,,
105,20,29,110,24,0,188,0,0,,,,
105,20,29,110,24,0,188,0,255,,,,
105,20,29,110,24,0,188,0,255,,,,
105,20,29,110,24,0,188,0,255,,,,
105,20,29,110,24,0,188,0,255,,,,
105,20,29,110,24,0,188,0,255,,,,
105,20,29,110,24,0,81,0,255,,,,
105,20,29,110,24,0,42,0,255,,,,
105,20,29,110,24,0,42,0,255,,,,
105,20,29,110,24,0,42,0,0,,,,
105,20,29,110,24,0,42,0,0,,,,
105,20,29,110,24,0,77,0,0,,,,
105,20,29,110,24,0,170,0,0,,,,
105,20,29,110,24,0,230,0,0,,,,
105,20,29,110,24,255,230,255,0,,,,
105,20,29,110,24,255,62,255,0,,,,
105,20,29,110,24,255,0,255,0,,,,
105,20,29,110,24,255,0,0,0,,,,
105,20,29,110,24,0,0,0,0,,,,
105,20,29,110,24,255,255,255,0,,,,
105,20,29,110,24,255,255,255,0,,,,
105,20,29,110,24,0,255,255,0,,,,
105,20,29,110,24,0,0,255,0,,,,
105,20,29,110,24,0,0,255,0,,,,
105,20,29,110,24,0,0,255,0,,,,
105,20,29,110,24,0,0,0,0,,,,
105,20,29,110,24,255,0,0,0,,,,
105,20,29,110,24,255,0,113,0,,,,
105,20,29,110,24,255,0,113,0,,,,
105,20,29,110,24,255,0,113,0,,,,
105,20,29,110,24,255,0,113,0,,,,
105,20,29,110,24,255,0,113,0,,,,
105,20,29,110,24,255,0,113,0,,,,
105,20,29,110,24,255,0,113,0,,,,
105,20,29,110,24,255,0,113,0,,,,
105,20,29,110,24,255,0,113,0,,,,
105,20,29,110,24,255,0,113,1,,,,
105,20,29,110,24,255,0,0,1,,,,
105,20,29,110,24,255,0,0,20,,,,
105,20,29,110,24,255,0,0,8,,,,
105,20,29,110,24,255,0,0,5,,,,
105,20,29,110,24,255,0,0,2,,,,
105,20,29,110,24,255,0,0,1,,,,
105,20,29,110,24,255,0,0,10,,,,
105,20,29,110,24,255,0,0,20,,,,
105,20,29,110,24,255,0,0,20,,,,
105,20,29,110,24,255,0,0,1,,,,
105,20,29,110,24,255,0,0,20,,,,
105,20,29,110,24,255,0,141,20,,,,
105,20,29,110,24,255,0,141,19,,,,
105,20,29,110,24,255,0,141,20,,,,
105,20,29,110,24,255,0,141,20,,,,
105,20,29,110,24,255,0,141,20,,,,
105,20,29,110,24,255,0,141,1,,,,
105,20,29,110,24,255,182,141,1,,,,
105,20,29,110,24,96,182,141,1,,,,
105,20,29,110,24,0,0,255,1,,,,
105,20,29,110,24,0,0,255,1,,,,
105,20,29,110,24,0,0,255,20,,,,
105,20,29,110,24,255,0,0,20,,,,
105,20,29,110,24,0,255,0,20,,,,
105,20,29,110,24,255,255,255,20,,,,
105,20,29,110,24,255,255,255,1,,,,
255,20,29,110,24,255,255,255,1,,,,
255,27,30,100,20,255,255,255,1,,,,
255,27,30,100,20,255,255,255,20,,,,
255,27,30,100,20,255,255,255,1,,,,
255,27,30,100,20,0,255,255,1,,,,
255,27,30,100,20,0,255,255,20,,,,
255,27,30,100,20,0,0,255,20,,,,
255,27,30,100,20,255,255,255,20,,,,
255,27,30,100,20,255,255,255,1,,,,
0,27,30,100,20,255,255,255,1,,,,
39,27,30,100,20,255,255,255,1,,,,
65,27,30,100,20,255,255,255,1,,,,
212,27,30,100,20,255,255,255,1,,,,
255,27,30,100,20,255,255,255,1,,,,
255,27,30,100,20,255,255,255,1,,,,
255,27,30,100,20,255,0,255,1,,,,
255,27,30,100,20,255,0,255,1,,,,
255,27,30,100,20,255,0,255,1,,,,
255,27,30,100,20,255,0,255,1,,,,
255,27,30,100,20,255,0,255,1,,,,
255,27,30,100,20,255,0,255,20,,,,
255,27,30,100,20,255,255,255,20,,,,
255,27,30,100,20,255,255,255,20,,,,
255,27,30,100,20,255,255,255,20,,,,
255,27,30,100,20,255,255,255,10,,,,
255,27,30,100,20,255,255,255,10,,,,
255,27,30,100,20,255,255,255,16,,,,
255,27,30,100,20,0,255,255,16,,,,
255,27,30,100,20,0,255,255,20,,,,
255,27,30,100,20,0,255,117,20,,,,
255,27,30,100,20,0,172,117,20,,,,
255,27,30,100,20,0,40,196,20,,,,
255,27,30,100,20,255,255,255,20,,,,
75,27,30,100,20,255,255,255,20,,,,
33,27,30,100,20,255,255,255,20,,,,
17,27,30,100,20,255,255,255,20,,,,
0,27,30,100,20,255,255,255,20,,,,
6,27,30,100,20,255,255,255,20,,,,
255,27,30,100,20,255,255,255,20,,,,
228,27,30,100,20,255,255,255,20,,,,
156,27,30,100,20,255,255,255,20,,,,
94,27,30,100,20,255,255,255,20,,,,
62,27,30,100,20,255,255,255,20,,,,
30,27,30,100,20,255,255,255,20,,,,
255,27,30,100,20,255,255,255,20,,,,
255,27,30,255,20,255,255,255,20,,,,
255,27,30,96,20,255,255,255,20,,,,
255,27,30,100,20,255,255,255,20,,,,
255,27,30,17,20,255,255,255,20,,,,
255,27,30,255,20,255,255,255,20,,,,
255,27,30,100,20,255,255,255,20,,,,
255,27,30,48,20,255,255,255,20,,,,
255,27,30,20,20,255,255,255,20,,,,
255,27,30,255,20,255,255,255,20,,,,
255,27,30,100,20,255,255,255,20,,,,
255,27,30,100,20,255,255,255,1,,,,
255,27,30,100,20,255,255,255,1,,,,
0,27,30,100,20,255,255,255,1,,,,
255,27,30,100,20,255,255,255,1,,,,
255,27,30,100,20,255,255,255,1,,,,
255,27,30,100,20,255,255,255,20,,,,
255,27,30,100,20,255,255,255,20,,,,
255,27,30,100,20,255,255,255,20,,,,
255,27,30,100,20,255,255,255,20,,,,
255,27,30,100,20,255,255,255,20,,,,
255,27,30,100,20,255,255,255,20,,,,
255,27,30,100,20,255,255,255,20,,,,
255,27,30,100,20,255,255,255,20,,,,
0,27,30,100,20,255,255,255,20,,,,
0,27,30,100,20,255,255,255,20,,,,
0,27,30,100,20,255,255,255,20,,,,
0,27,30,100,20,255,255,255,20,,,,
0,27,30,100,20,255,255,255,20,,,,
0,27,30,100,20,255,255,255,20,,,,
0,27,30,100,20,255,255,255,20,,,,
0,27,30,100,20,255,255,255,20,,,,
0,27,30,100,20,255,255,255,20,,,,
0,27,30,100,20,255,255,255,20,,,,
0,27,30,100,20,255,255,255,20,,,,
0,27,30,100,20,255,255,255,20,,,,
0,27,30,100,20,255,255,255,20,,,,
0,27,30,100,20,255,255,255,20,,,,
0,27,30,100,20,255,255,255,20,,,,
0,27,30,100,20,255,255,255,20,,,,
0,27,30,100,20,255,255,255,20,,,,
0,27,30,100,20,255,255,255,20,,,,
0,27,30,100,20,255,255,255,20,,,,
0,27,30,100,20,255,255,255,20,,,,
0,27,30,100,20,255,255,255,20,,,,
0,27,30,100,20,255,255,255,20,,,,
0,27,30,100,20,255,255,255,20,,,,
0,27,30,100,20,255,255,255,20,,,,
0,27,30,100,20,255,255,255,20,,,,
0,27,30,100,20,255,255,255,20,,,,
255,27,30,100,20,255,255,255,20,,,,
255,27,30,66,20,255,255,255,20,,,,
255,27,30,255,20,255,255,255,20,,,,
255,27,30,47,20,255,255,255,20,,,,
255,27,30,25,20,255,255,255,20,,,,
255,27,30,10,20,255,255,255,20,,,,
255,27,30,150,20,255,255,255,20,,,,
255,27,30,150,20,255,255,255,1,,,,
255,27,30,150,20,255,255,255,20,,,,
255,27,30,150,20,255,255,255,18,,,,
255,27,30,150,20,255,0,255,18,,,,
255,27,30,150,20,0,0,255,18,,,,
255,27,30,150,20,0,0,255,20,,,,
255,27,30,150,20,0,255,255,20,,,,
255,27,30,150,20,255,255,255,20,,,,
255,27,30,150,20,255,255,0,20,,,,
255,27,30,150,20,255,0,0,20,,,,
255,27,30,150,20,0,0,255,20,,,,
255,27,30,150,20,0,255,0,20,,,,
255,27,30,150,20,255,255,0,20,,,,
255,27,30,150,20,255,0,0,20,,,,
255,27,30,150,20,255,0,0,20,,,,
255,27,30,150,20,255,0,0,20,0,0,0,
255,27,30,150,20,255,0,0,20,0,0,0,
255,27,30,150,20,255,0,0,20,22,23,23,
255,27,30,150,20,255,0,0,20,14,14,23,
255,27,30,150,20,255,255,255,20,14,14,23,
255,27,30,150,20,255,255,255,8,14,14,23,
255,27,30,150,20,255,255,255,20,14,14,23,
255,27,30,150,20,0,0,255,20,14,14,23,
255,27,30,150,20,84,0,255,20,14,14,23,
255,27,30,150,20,84,130,255,20,14,14,23,
255,27,30,150,20,192,130,255,20,14,14,23,
255,27,30,150,20,192,130,255,20,14,14,23,
255,27,30,150,20,192,130,255,20,14,14,23,
255,27,30,150,20,192,130,193,20,14,14,23,
255,27,30,150,20,42,130,193,20,14,14,23,
255,27,30,150,20,42,228,193,20,14,14,23,
255,27,30,150,20,42,228,116,20,14,14,23,
255,27,30,150,20,42,228,91,20,14,14,23,
0,27,30,150,20,42,228,91,20,14,14,23,
255,27,30,150,20,42,228,91,20,14,14,23,
255,27,30,150,20,42,228,91,20,14,14,23,
255,27,30,150,20,42,228,91,20,14,14,23,
255,27,30,150,20,42,228,91,20,14,14,23,
255,27,30,150,20,42,228,91,20,14,14,23,
255,27,30,150,20,42,228,91,20,14,14,23,
255,27,30,150,20,42,228,91,20,14,14,23,
255,27,30,150,20,42,228,91,20,14,14,23,
255,27,30,150,20,42,228,91,20,14,14,23,
255,27,30,150,20,42,228,91,20,14,14,23,
255,27,30,150,20,42,228,91,20,14,14,23,
255,27,30,150,20,42,228,91,20,14,14,23,
255,27,30,150,20,42,228,91,20,14,14,23,
255,27,30,150,20,42,228,91,20,14,14,23,
255,27,30,150,20,42,228,91,20,14,14,23,
12,27,30,150,20,42,228,91,20,14,14,23,
255,27,30,150,20,42,228,91,20,14,14,23,
255,27,30,150,20,42,228,91,20,14,14,23,
255,27,30,150,20,42,228,91,20,14,14,23,
255,27,30,150,20,42,228,91,20,14,14,23,
255,27,30,150,20,42,228,91,20,14,14,23,
255,27,30,150,20,42,228,91,20,14,14,23,
255,27,30,150,20,42,228,91,20,14,14,23,
255,27,30,150,20,42,228,91,20,14,14,23,
255,27,30,150,20,42,228,91,20,14,14,23,
255,27,30,150,20,42,228,91,20,14,14,23,
255,27,30,150,20,42,228,91,20,14,14,23,
255,27,30,150,20,42,228,91,20,14,14,23,
255,27,30,150,20,42,228,91,20,23,26,23,
255,27,30,150,20,42,228,91,20,40,39,23,
255,27,30,150,20,42,228,91,20,13,14,23,
255,27,30,150,20,42,228,91,20,13,14,23,
255,27,30,150,20,42,228,91,1,13,14,23,
255,27,30,150,20,42,228,91,20,13,14,23,
255,27,30,150,20,42,228,91,20,13,14,23,
255,27,30,150,20,42,228,91,6,13,14,23,
255,27,30,150,20,42,228,91,20,13,14,23,
255,27,30,150,20,42,228,91,20,13,14,23,
255,27,30,150,20,42,228,91,6,13,14,23,
42,27,30,150,20,42,228,91,6,13,14,23,
255,27,30,150,20,42,228,91,6,13,14,23,
255,27,30,150,20,42,228,91,6,13,14,23,
255,27,30,150,20,165,228,91,6,13,14,23,
255,27,30,150,20,165,228,91,20,13,14,23,
255,27,30,150,20,165,228,91,20,13,14,23,
255,27,30,150,20,165,228,91,20,13,14,23,
255,27,30,150,20,59,228,184,20,13,14,23,
255,27,30,150,20,255,255,255,20,13,14,23,
255,27,30,150,20,255,255,255,20,13,14,23,
255,27,30,150,20,255,255,255,20,13,14,23,
255,27,30,150,20,118,255,255,20,13,14,23,
255,27,30,150,20,118,255,255,20,13,14,23,
255,27,30,150,20,118,255,255,4,13,14,23,
0,27,30,150,20,118,255,255,4,13,14,23,
255,27,30,150,20,118,255,255,4,13,14,23,
255,27,30,150,20,255,255,255,4,13,14,23,
255,27,30,150,20,255,255,255,20,13,14,23,
255,27,30,150,20,255,255,255,20,13,14,23,
255,27,30,150,20,98,255,255,20,13,14,23,
255,27,30,150,20,98,255,255,2,13,14,23,
255,27,30,150,20,255,255,255,20,13,14,23,
71,27,30,150,20,255,255,255,20,13,14,23,
71,27,30,150,20,255,255,255,20,13,14,23,
8,27,30,150,20,255,255,255,20,13,14,23,
255,27,30,150,20,255,255,255,20,13,14,23,
255,27,30,150,20,255,255,255,1,13,14,23,
255,27,30,150,20,255,255,255,20,13,14,23,
255,27,30,62,20,255,255,255,20,13,14,23,
255,27,30,0,20,255,255,255,20,13,14,23,
255,27,30,255,20,255,255,255,20,13,14,23,
255,27,30,91,20,255,255,255,20,13,14,23,
255,27,30,118,20,255,255,255,20,13,14,23,
255,27,30,118,20,255,255,255,7,13,14,23,
255,27,30,118,20,255,255,255,20,13,14,23,
255,27,30,118,20,255,255,255,20,13,14,23,
255,27,30,118,20,255,255,255,20,13,14,23,
255,27,30,118,20,255,255,255,20,13,14,23,
255,27,30,118,20,255,255,255,8,13,14,23,
255,27,30,118,20,255,255,255,8,13,14,23,
255,27,30,118,20,255,255,255,20,13,14,23,
255,27,30,118,20,95,255,255,20,13,14,23,
38,27,30,118,20,95,255,255,20,13,14,23,
15,27,30,118,20,95,255,255,20,13,14,23,
255,27,30,118,20,95,255,255,20,13,14,23,
255,27,30,118,20,255,255,255,20,13,14,23,
255,27,30,118,20,255,255,255,1,13,14,23,
255,27,30,118,20,255,255,255,1,63,61,23,
79,27,30,118,20,255,255,255,1,63,61,23,
15,27,30,118,20,255,255,255,1,63,61,23,
255,27,30,118,20,255,255,255,1,63,61,23,
255,27,30,118,20,255,255,255,20,63,61,23,
255,27,30,118,20,255,255,255,20,63,61,21,
255,27,30,118,20,255,255,255,20,63,61,21,
255,27,30,118,20,255,255,255,20,63,61,21,
255,27,30,118,20,255,255,255,20,63,61,21,
255,27,30,118,20,255,255,255,20,63,61,21,
255,27,30,118,20,255,255,255,20,63,61,21,
255,27,30,118,20,255,255,255,20,63,61,21,
255,27,30,118,20,255,255,255,20,63,61,21,
255,27,30,118,20,255,255,255,20,63,61,21,
255,27,30,118,20,255,255,255,20,63,61,21,
255,27,30,118,20,255,255,255,20,63,61,21,
255,27,30,118,20,255,255,255,20,63,61,21,
255,27,30,118,20,255,255,255,20,63,61,21,
255,27,30,118,20,255,255,255,20,63,61,21,
255,27,30,118,20,255,255,255,20,63,61,21,
255,27,30,118,20,255,255,255,20,63,61,21,
255,27,30,118,20,255,255,255,20,63,61,21,
255,27,30,255,20,255,255,255,20,63,61,21,
255,27,30,0,20,255,255,255,20,63,61,21,
255,27,30,34,20,255,255,255,20,63,61,21,
255,27,30,67,20,255,255,255,20,63,61,21,
255,27,30,124,20,255,255,255,20,63,61,21,
255,27,30,193,20,255,255,255,20,63,61,21,
255,27,30,93,20,255,255,255,20,63,61,21,
86,27,30,93,20,255,255,255,20,63,61,21,
255,27,30,93,20,255,255,255,20,63,61,21,
61,27,30,93,20,255,255,255,20,63,61,21,
218,27,30,93,20,255,255,255,20,63,61,21,
255,27,30,93,20,255,255,255,20,63,61,21,
255,27,30,0,20,255,255,255,20,63,61,21,
255,27,30,0,20,255,255,255,3,63,61,21,
255,27,30,0,20,255,52,255,3,63,61,21,
255,27,30,0,20,255,52,255,20,63,61,21,
255,27,30,0,20,255,255,255,20,63,61,21,
255,27,30,0,20,255,255,255,20,12,12,21,
121,27,30,0,20,255,255,255,20,12,12,21,
121,27,30,94,20,255,255,255,20,12,12,21,
121,27,30,94,20,255,255,255,1,12,12,21,
121,27,30,94,20,255,255,255,1,90,96,21,
121,27,30,94,20,255,255,255,20,90,96,21,
121,27,30,94,20,89,255,255,20,90,96,21,
121,27,30,94,20,89,95,255,20,90,96,21,
255,27,30,94,20,89,95,255,20,90,96,21,
255,27,30,150,20,89,95,255,20,90,96,21,
255,27,30,255,20,89,95,255,20,90,96,21,
255,27,30,0,20,89,95,255,20,90,96,21,
255,27,30,98,20,89,95,255,20,90,96,21,
255,27,30,98,20,89,95,255,20,22,25,21,
255,27,30,98,20,89,95,255,20,22,25,21,
255,27,30,0,20,89,95,255,20,22,25,21,
255,27,30,0,20,255,255,255,20,22,25,21,
255,27,30,0,20,255,255,255,1,22,25,21,
54,27,30,0,20,255,255,255,1,22,25,21,
255,27,30,0,20,255,255,255,1,22,25,21,
255,27,30,72,20,255,255,255,1,22,25,21,
255,27,30,0,20,255,255,255,1,22,25,21,
255,27,30,0,20,255,255,255,20,22,25,21,
255,27,30,0,20,255,255,255,20,22,25,21,
255,27,30,0,20,255,255,255,20,22,25,21,
255,27,30,0,20,255,255,255,20,22,25,21,
255,27,30,0,20,255,255,255,20,22,25,21,
255,27,30,0,20,255,255,255,20,22,25,21,
255,27,30,0,20,255,255,255,20,22,25,21,
255,27,30,0,20,114,255,255,20,22,25,21,
255,27,30,0,20,114,255,255,10,22,25,21,
255,27,30,110,20,114,255,255,10,22,25,21,
255,27,30,66,20,114,255,255,10,22,25,21,
255,27,30,15,20,114,255,255,10,22,25,21,
255,27,30,15,20,255,255,255,10,22,25,21,
255,27,30,15,20,255,151,255,10,22,25,21,
255,27,30,15,20,0,0,255,20,22,25,21,
255,27,30,15,20,0,0,255,20,22,25,21,
255,27,30,15,20,0,0,0,20,22,25,21,
255,27,30,15,20,0,0,255,20,22,25,21,
255,27,30,15,20,103,0,255,20,22,25,21,
255,27,30,15,20,103,138,255,20,22,25,21,
255,27,30,15,20,103,138,255,6,22,25,21,
255,27,30,0,20,103,138,255,6,22,25,21,
255,27,30,0,20,103,138,255,6,22,25,21,
0,27,30,0,20,103,138,255,6,22,25,21,
178,27,30,0,20,103,138,255,6,22,25,21,
178,27,30,29,20,103,138,255,6,22,25,21,
178,27,30,110,20,103,138,255,6,22,25,21,
178,27,30,196,20,103,138,255,6,22,25,21,
178,27,30,232,20,103,138,255,6,22,25,21,
178,27,30,49,20,103,138,255,6,22,25,21,
178,27,30,49,20,152,138,255,6,22,25,21,
178,27,30,49,20,152,138,255,6,22,25,21,
178,27,30,15,20,152,138,255,6,22,25,21,
178,27,30,0,20,152,138,255,6,22,25,21,
178,27,30,212,20,152,138,255,6,22,25,21,
54,27,30,212,20,152,138,255,6,22,25,21,
54,27,30,212,20,152,138,255,6,22,25,21,
0,27,30,212,20,152,138,255,6,22,25,21,
0,27,30,212,20,152,138,255,6,22,25,21,
0,27,30,212,20,152,138,255,6,22,25,21,
0,27,30,212,20,152,138,255,6,22,25,21,
104,27,30,212,20,152,138,255,6,22,25,21,
104,27,30,212,20,211,138,255,6,22,25,21,
104,27,30,212,20,211,138,255,20,22,25,21,
155,27,30,212,20,211,138,255,20,22,25,21,
0,27,30,212,20,211,138,255,20,22,25,21,
130,27,30,212,20,211,138,255,20,22,25,21,
130,27,30,212,20,211,138,255,7,22,25,21,
130,27,30,212,20,211,138,255,20,22,25,21,
130,27,30,212,20,255,255,255,20,22,25,21,
130,27,30,212,20,255,255,255,20,22,25,21,
57,27,30,212,20,255,255,255,20,22,25,21,
0,27,30,212,20,255,255,255,20,22,25,21,
155,27,30,212,20,255,255,255,20,22,25,21,
59,27,30,212,20,255,255,255,20,22,25,21,
0,27,30,212,20,255,255,255,20,22,25,21,
221,27,30,212,20,255,255,255,20,22,25,21,
255,27,30,212,20,255,255,255,20,22,25,21,
255,27,30,212,20,108,255,255,20,22,25,21,
255,27,30,212,20,108,76,255,20,22,25,21,
255,27,30,212,20,255,255,255,20,22,25,21,
255,27,30,0,20,255,255,255,20,22,25,21,
255,27,30,255,20,255,255,255,20,22,25,21,
5,27,30,255,20,255,255,255,20,22,25,21,
0,27,30,255,20,255,255,255,20,22,25,21,
137,27,30,255,20,255,255,255,20,22,25,21,
137,27,30,255,20,255,255,255,1,22,25,21,
247,27,30,255,20,255,255,255,1,22,25,21,
17,27,30,255,20,255,255,255,1,22,25,21,
0,27,30,255,20,255,255,255,1,22,25,21,
118,27,30,255,20,255,255,255,1,22,25,21,
182,27,30,255,20,255,255,255,1,22,25,21,
255,27,30,255,20,255,255,255,1,22,25,21,
255,27,30,255,20,255,255,255,1,22,25,21,
255,27,30,255,20,255,255,255,1,200,200,21,
255,27,30,255,20,255,255,255,1,48,51,21,
255,27,30,255,20,255,255,255,20,48,51,21,
255,27,30,255,20,255,255,255,5,48,51,21,
67,27,30,255,20,255,255,255,5,48,51,21,
22,27,30,255,20,255,255,255,5,48,51,21,
255,27,30,255,20,255,255,255,5,48,51,21,
137,27,30,255,20,255,255,255,5,48,51,21,
255,27,30,255,20,255,255,255,5,48,51,21,
255,27,30,255,20,110,167,255,20,48,51,21,
255,27,30,255,20,110,167,25,20,48,51,21,
255,27,30,255,20,110,189,25,1,48,51,21,
255,27,30,255,20,0,0,255,20,48,51,21,
255,27,30,255,20,0,0,255,20,21,22,21,
255,27,30,61,20,0,0,255,20,21,22,21,
255,27,30,61,20,131,0,255,20,21,22,21,
255,27,30,61,20,131,76,255,20,21,22,21,
255,27,30,61,20,131,76,255,1,21,22,21,
255,27,30,61,20,131,76,255,1,21,22,21,
255,27,30,61,20,131,76,255,1,85,83,21,
136,27,30,61,20,131,76,255,1,85,83,21,
0,27,30,61,20,131,76,255,1,85,83,21,
86,27,30,61,20,131,76,255,1,85,83,21,
161,27,30,61,20,131,76,255,1,85,83,21,
161,27,30,61,20,255,255,255,20,85,83,21,
161,27,30,61,20,255,255,255,1,85,83,21,
161,27,30,61,20,0,0,255,9,85,83,21,
161,27,30,61,20,0,0,255,20,85,83,21,
161,27,30,61,20,108,138,255,20,85,83,21,
161,27,30,61,20,108,30,255,20,85,83,21,
161,27,30,61,20,68,30,255,20,85,83,21,
161,27,30,61,20,255,0,0,20,85,83,21,
161,27,30,26,20,255,0,0,20,85,83,21,
161,27,30,0,20,255,0,0,20,85,83,21,
161,27,30,255,20,255,0,0,20,85,83,21,
161,27,30,0,20,255,0,0,20,85,83,21,
73,27,30,0,20,255,0,0,20,85,83,21,
73,27,30,0,20,255,0,0,20,9,11,21,
73,27,30,70,20,255,0,0,20,9,11,21,
73,27,30,105,20,255,0,0,20,9,11,21,
255,27,30,105,20,255,0,0,20,9,11,21,
255,27,30,79,20,255,0,0,20,9,11,21,
255,27,30,58,20,255,0,0,20,9,11,21,
255,27,30,20,20,255,0,0,20,9,11,21,
255,27,30,20,20,255,255,255,20,9,11,21,
255,27,30,20,20,0,255,0,20,9,11,21,
255,27,30,95,20,0,255,0,20,9,11,21,
101,27,30,95,20,0,255,0,20,9,11,21,
101,27,30,95,20,182,255,136,20,9,11,21,
101,27,30,95,20,182,255,91,20,9,11,21,
101,27,30,95,20,182,255,54,20,9,11,21,
101,27,30,95,20,255,255,0,20,9,11,21,
101,27,30,95,20,0,0,255,20,9,11,21,
101,27,30,95,20,0,0,255,1,9,11,21,
255,27,30,95,20,0,0,255,1,9,11,21,
0,27,30,95,20,0,0,255,1,9,11,21,
255,27,30,95,20,0,0,255,1,9,11,21,
255,27,30,95,20,114,0,255,1,9,11,21,
255,27,30,95,20,114,137,255,14,9,11,21,
255,27,30,95,20,114,137,255,20,9,11,21,
255,27,30,95,20,0,0,255,20,9,11,21,
255,27,30,95,20,0,0,255,20,9,11,21,
255,27,30,95,20,0,0,255,20,9,11,21,
40,27,30,95,20,0,0,255,20,9,11,21,
10,27,30,95,20,0,0,255,20,9,11,21,
255,27,30,95,20,0,0,255,20,9,11,21,
174,27,30,95,20,0,0,255,20,9,11,21,
0,27,30,95,20,0,0,255,20,9,11,21,
7,27,30,95,20,0,0,255,20,9,11,21,
255,27,30,95,20,0,0,255,20,9,11,21,
196,27,30,95,20,0,0,255,20,9,11,21,
255,27,30,0,20,0,0,255,20,9,11,21,
255,27,30,255,20,0,0,255,20,9,11,21,
112,27,30,255,20,0,0,255,20,9,11,21,
22,27,30,255,20,0,0,255,20,9,11,21,
255,27,30,255,20,0,0,255,20,9,11,21,
255,27,30,0,20,0,0,255,20,9,11,21,
255,27,30,255,20,0,0,255,20,9,11,21,
255,27,30,255,20,114,0,255,20,9,11,21,
255,27,30,255,20,255,255,255,20,9,11,21,
255,27,30,255,20,255,255,255,20,9,11,21,
255,27,30,255,20,255,255,255,20,9,11,21,
255,27,30,255,20,255,255,255,20,9,11,21,
70,27,30,255,20,255,255,255,20,9,11,21,
16,27,30,255,20,255,255,255,20,9,11,21,
57,27,30,255,20,255,255,255,20,9,11,21,
161,27,30,255,20,255,255,255,20,9,11,21,
255,27,30,255,20,255,255,255,20,9,11,21,
255,27,30,255,20,255,255,255,20,9,11,21,
255,27,30,255,20,255,255,255,20,9,11,21,
255,27,30,0,20,255,255,255,20,9,11,21,
0,27,30,0,20,255,255,255,20,9,11,21,
255,27,30,0,20,255,255,255,20,9,11,21,
255,27,30,73,20,255,255,255,20,9,11,21,
76,27,30,73,20,255,255,255,20,9,11,21,
255,27,30,73,20,255,255,255,20,9,11,21,
89,27,30,73,20,255,255,255,20,9,11,21,
0,27,30,73,20,255,255,255,20,9,11,21,
101,27,30,73,20,255,255,255,20,9,11,21,
197,27,30,73,20,255,255,255,20,9,11,21,
255,27,30,73,20,255,255,255,20,9,11,21,
255,27,30,73,20,255,255,255,20,74,71,21,
255,27,30,73,20,255,255,255,7,74,71,21,
255,27,30,73,20,255,255,255,7,74,71,21,
107,27,30,73,20,255,255,255,7,74,71,21,
44,27,30,73,20,255,255,255,7,74,71,21,
6,27,30,73,20,255,255,255,7,74,71,21,
172,27,30,73,20,255,255,255,7,74,71,21,
219,27,30,73,20,255,255,255,7,74,71,21,
255,27,30,73,20,0,0,255,7,74,71,21,
255,27,30,73,20,255,0,0,7,74,71,21,
255,27,30,73,20,255,0,0,20,74,71,21,
94,27,30,73,20,255,0,0,20,74,71,21,
33,27,30,73,20,255,0,0,20,74,71,21,
255,27,30,73,20,255,0,0,20,74,71,21,
255,27,30,73,20,255,0,0,20,17,17,21,
168,27,30,73,20,255,0,0,20,17,17,21,
168,27,30,73,20,255,0,0,20,17,17,21,
59,27,30,73,20,255,0,0,20,17,17,21,
17,27,30,73,20,255,0,0,20,17,17,21,
0,27,30,73,20,255,0,0,20,17,17,21,
255,27,30,73,20,255,0,0,20,17,17,21,
255,27,30,73,20,255,0,0,20,17,17,40,
255,27,30,73,20,255,0,0,20,17,17,40,
255,27,30,73,20,255,0,0,20,17,17,40,
255,27,30,73,20,255,0,0,20,17,17,40,
255,27,30,73,20,255,0,0,20,17,17,40,
255,27,30,73,20,255,0,0,20,17,17,40,
255,27,30,73,20,255,0,0,20,17,17,40,
255,27,30,73,20,255,0,0,20,74,74,40,
255,27,30,73,20,255,0,0,20,74,74,40,
255,27,30,73,20,255,0,0,20,74,74,40,
255,27,30,73,20,255,0,255,20,74,74,40,
255,27,30,73,20,255,0,255,20,9,9,40,
255,27,30,73,20,255,0,255,20,9,9,40,
255,27,30,73,20,255,0,255,20,9,9,40,
255,27,30,73,20,255,0,255,20,9,9,40,
255,27,30,73,20,255,0,255,20,104,82,40,
255,27,30,73,20,255,0,255,20,104,82,40,
255,27,30,73,20,255,0,255,20,104,82,40,
255,27,30,73,20,255,0,255,20,104,82,40,
255,27,30,73,20,255,0,255,20,104,82,40,
255,27,30,73,20,255,0,255,20,104,82,40,
255,27,30,73,20,255,0,255,20,104,82,40,
255,27,30,73,20,255,0,255,20,104,82,40,
255,27,30,73,20,255,0,255,20,104,82,40,
255,27,30,73,20,255,0,255,20,104,82,40,
255,27,30,73,20,255,0,255,20,104,82,40,
255,27,30,73,20,255,0,255,20,104,82,40,
255,27,30,73,20,255,0,255,20,104,82,40,
255,27,30,73,20,255,0,255,20,104,82,40,
255,27,30,73,20,255,0,255,20,104,82,40,
255,27,30,73,20,255,0,255,20,104,82,40,
255,27,30,73,20,255,0,255,20,104,82,40,
255,27,30,73,20,255,0,255,20,104,82,40,
255,27,30,73,20,255,0,255,20,104,82,40,
255,27,30,73,20,255,0,255,20,104,82,40,
255,27,30,73,20,255,0,255,20,104,82,40,
255,27,30,73,20,255,0,255,20,104,82,40,
255,27,30,73,20,255,0,255,20,104,82,40,
255,27,30,73,20,255,0,255,20,104,82,40,
255,27,30,73,20,255,0,255,20,104,82,40,
255,27,30,73,20,255,0,255,20,104,82,40,
255,27,30,73,20,255,0,255,20,104,82,40,
255,27,30,73,20,255,0,255,20,104,82,40,
255,27,30,73,20,255,0,255,20,104,82,40,
255,27,30,73,20,255,0,255,20,104,82,40,
255,27,30,73,20,255,0,255,20,104,82,40,
255,27,30,73,20,255,0,255,20,45,82,40,
255,27,30,73,20,255,0,255,20,45,82,40,
255,27,30,73,20,255,0,255,20,45,82,40,
255,27,30,73,20,255,0,255,20,45,82,40,
255,27,30,73,20,255,0,255,20,45,82,40,
255,27,30,73,20,255,0,255,20,45,82,40,
255,27,30,73,20,255,0,255,20,45,82,40,
255,27,30,73,20,255,0,255,20,17,82,40,
255,27,30,73,20,255,0,255,20,17,82,40,
255,27,30,73,20,255,0,255,20,17,82,40,
255,27,30,73,20,255,0,255,20,17,82,40,
255,27,30,73,20,255,0,255,20,17,82,40,
255,27,30,73,20,255,0,255,20,17,82,40,
255,27,30,73,20,255,0,255,20,17,82,40,
255,27,30,73,20,255,0,255,20,17,82,40,
255,27,30,73,20,255,0,255,20,17,82,40,
255,27,30,73,20,255,0,255,20,17,82,40,
255,27,30,73,20,255,0,255,20,17,82,40,
255,27,30,73,20,255,0,255,20,17,82,40,
255,27,30,73,20,255,0,255,20,17,82,40,
255,27,30,73,20,255,0,255,20,17,82,40,
255,27,30,73,20,255,0,255,20,17,82,40,
255,27,30,73,20,255,0,255,20,17,82,40,
255,27,30,73,20,255,0,255,20,17,82,40,
255,27,30,73,20,255,0,255,20,17,82,40,
255,27,30,73,20,255,0,255,20,17,82,40,
255,27,30,73,20,255,0,255,20,17,82,40,
255,27,30,73,20,255,0,255,20,17,82,40,
255,27,30,73,20,255,0,255,20,17,82,40,
255,27,30,73,20,255,0,255,20,17,82,40,
255,27,30,73,20,255,0,255,20,17,82,40,
255,27,30,73,20,255,0,255,20,17,82,40,
255,27,30,73,20,255,0,255,20,17,82,40,
255,27,30,73,20,255,0,255,20,17,82,40,
255,27,30,73,20,255,0,255,20,17,82,40,
255,27,30,73,20,255,0,255,20,17,82,40,
255,27,30,73,20,255,0,255,20,17,82,40,
255,27,30,73,20,255,0,255,20,17,82,40,
255,27,30,73,20,255,0,255,20,17,82,40,
255,27,30,73,20,255,0,255,20,17,82,40,
255,27,30,73,20,255,0,255,20,17,82,40,
255,27,30,73,20,255,0,255,20,17,82,40,
255,27,30,73,20,255,0,255,20,17,82,40,
255,27,30,73,20,255,0,255,20,17,82,40,
255,27,30,73,20,255,0,255,20,17,82,40,
255,27,30,73,20,255,0,255,20,17,82,40,
255,27,30,73,20,255,0,255,20,17,82,40,
255,27,30,73,20,255,0,255,20,17,82,40,
255,27,30,73,20,255,0,255,20,78,82,40,
255,27,30,73,20,255,0,255,20,11,11,40,
255,27,30,73,20,255,0,255,20,11,11,40,
255,27,30,73,20,255,0,255,20,11,11,40,
255,27,30,73,20,255,0,255,20,11,11,40,
255,27,30,73,20,255,0,255,20,11,11,40,
255,27,30,73,20,255,0,255,20,82,11,40,
255,27,30,73,20,255,0,255,20,82,11,40,
255,27,30,73,20,255,0,255,20,82,11,40,
255,27,30,73,20,255,0,255,20,82,105,40,
255,27,30,73,20,255,0,255,20,82,105,40,
255,27,30,73,20,255,0,255,20,82,105,40,
255,27,30,73,20,255,0,255,20,82,41,40,
255,27,30,73,20,255,0,255,20,13,41,40,
255,27,30,73,20,255,0,255,20,13,41,40,
255,27,30,73,20,255,0,255,20,13,41,40,
126,27,30,73,20,255,0,255,20,13,41,40,
255,27,30,73,20,255,0,255,20,13,41,40,
255,27,30,73,20,255,0,255,20,13,41,40,
255,27,30,73,20,255,0,255,20,13,41,40,
255,27,30,73,20,255,0,255,20,13,41,40,
255,27,30,73,20,255,0,255,20,0,41,40,
255,27,30,73,20,255,0,255,20,200,41,40,
255,27,30,73,20,255,0,255,20,53,41,40,
255,27,30,73,20,255,0,255,20,53,117,40,
255,27,30,73,20,255,0,255,20,53,117,40,
255,27,30,73,20,255,0,255,20,53,117,40,
255,27,30,73,20,255,0,255,20,158,117,40,
255,27,30,73,20,255,0,255,20,158,117,40,
255,27,30,73,20,255,0,255,20,158,117,40,
255,27,30,73,20,255,0,255,20,158,117,40,
255,27,30,73,20,255,0,255,20,158,117,40,
255,27,30,73,20,255,0,255,20,11,11,40,
255,27,30,73,20,255,0,255,20,11,11,40,
255,27,30,73,20,255,0,255,20,11,11,40,
255,27,30,73,20,255,0,255,20,11,11,40,
255,27,30,73,20,255,0,255,20,11,11,40,
255,27,30,73,20,255,0,255,20,11,11,40,
255,27,30,73,20,255,0,255,20,11,11,40,
255,27,30,73,20,255,0,255,20,11,11,40,
255,27,30,73,20,255,0,255,20,11,11,40,
255,27,30,73,20,255,0,255,20,11,11,40,
122,27,30,73,20,255,0,255,20,11,11,40,
122,27,30,73,20,255,0,255,20,11,11,40,
122,27,30,73,20,255,0,255,20,11,11,40,
122,27,30,73,20,255,0,255,20,11,11,40,
122,27,30,73,20,255,0,255,20,11,11,40,
205,27,30,73,20,255,0,255,20,11,11,40,
3,27,30,73,20,255,0,255,20,11,11,40,
149,27,30,73,20,255,0,255,20,11,11,40,
149,27,30,73,20,255,0,255,6,11,11,40,
149,27,30,73,20,114,0,255,6,11,11,40,
149,27,30,73,20,21,0,255,6,11,11,40,
149,27,30,73,20,0,0,255,6,11,11,40,
149,27,30,73,20,0,255,255,6,11,11,40,
149,27,30,73,20,0,255,255,6,11,11,40,
149,27,30,73,20,0,255,255,6,11,11,40,
149,27,30,73,20,0,255,255,6,11,11,40,
149,27,30,73,20,0,255,255,6,11,11,40,
149,27,30,73,20,0,255,255,6,11,11,40,
149,27,30,73,20,0,255,255,6,11,11,40,
169,27,30,73,20,0,255,255,6,11,11,40,
169,27,30,73,20,0,0,255,6,11,11,40,
169,27,30,73,20,169,0,255,20,11,11,40,
169,27,30,73,20,24,0,255,20,11,11,40,
169,27,30,73,20,24,0,255,20,11,11,40,
169,27,30,73,20,24,0,255,20,11,11,40,
169,27,30,73,20,24,0,255,20,11,11,40,
169,27,30,73,20,24,0,255,20,11,11,40,
169,27,30,73,20,24,0,255,20,11,11,40,
169,27,30,73,20,24,0,255,20,11,11,40,
169,27,30,73,20,24,0,255,20,11,11,40,
169,27,30,73,20,24,0,255,20,11,11,40,
169,27,30,73,20,24,0,255,20,11,11,40,
169,27,30,73,20,24,0,255,20,11,11,40,
169,27,30,73,20,24,0,255,20,11,11,40,
169,27,30,73,20,24,0,255,20,11,11,40,
169,27,30,73,20,24,73,255,20,11,11,40,
169,27,30,73,20,24,73,255,20,11,11,40,
169,27,30,73,20,24,73,255,20,11,11,40,
169,27,30,73,20,24,73,255,20,11,11,40,
169,27,30,73,20,85,73,255,20,11,11,40,
169,27,30,73,20,85,73,255,20,11,11,40,
169,27,30,73,20,85,73,255,20,11,11,40,
169,27,30,73,20,85,73,255,20,11,11,40,
169,27,30,73,20,178,73,255,20,11,11,40,
169,27,30,73,20,178,73,0,20,11,11,40,
169,27,30,73,20,255,255,0,20,11,11,40,
169,27,30,73,20,255,255,0,20,11,11,40,
169,27,30,73,20,255,255,0,20,11,11,40,
169,27,30,73,20,255,255,0,20,11,11,40,
169,27,30,73,20,255,255,0,20,11,11,40,
169,27,30,73,20,255,255,0,20,11,11,40,
169,27,30,73,20,255,255,0,20,11,11,40,
169,27,30,73,20,255,255,0,20,11,11,40,
169,27,30,73,20,255,255,0,20,11,11,40,
169,27,30,73,20,255,255,0,20,11,11,40,
169,27,30,73,20,255,255,0,20,11,11,40,
169,27,30,73,20,255,255,0,20,11,11,40,
169,27,30,73,20,255,255,0,20,11,11,40,
169,27,30,73,20,255,255,255,20,11,11,40,
169,27,30,73,20,255,255,255,20,11,11,40,
169,27,30,73,20,255,255,255,20,11,11,40,
255,27,30,73,20,255,255,255,20,11,11,40,
255,27,30,73,20,255,255,255,20,11,11,40,
255,27,30,73,20,255,255,255,20,11,11,40,
255,27,30,73,20,255,255,255,20,11,11,40,
255,27,30,73,20,255,255,255,20,11,11,40,
255,27,30,73,20,255,255,255,20,11,11,40,
255,27,30,73,20,255,255,255,20,11,11,40,
255,27,30,73,20,255,255,255,20,11,11,40,
255,27,30,73,20,255,255,255,20,11,11,40,
255,27,30,73,20,255,255,255,20,11,11,40,
255,27,30,73,20,255,255,255,20,11,11,40,
255,27,30,73,20,255,255,255,20,11,11,40,
255,27,30,73,20,142,90,255,20,11,11,40,
255,27,30,73,20,142,90,255,20,11,11,40,
255,27,30,73,20,142,90,255,20,11,11,40,
255,27,30,73,20,142,90,255,20,11,11,40,
255,27,30,73,20,142,90,255,20,11,11,40,
255,27,30,73,20,142,90,255,20,11,11,40,
255,27,30,73,20,142,90,255,20,11,11,40,
255,27,30,73,20,142,90,255,20,11,11,40,
255,27,30,73,20,142,90,255,20,11,11,40,
255,27,30,73,20,142,90,255,20,11,11,40,
255,27,30,73,20,142,90,255,20,11,11,40,
255,27,30,73,20,142,90,255,20,11,11,40,
255,27,30,73,20,142,90,255,20,11,11,40,
255,27,30,73,20,142,90,255,20,11,11,40,
255,27,30,73,20,142,90,255,20,11,11,40,
255,27,30,73,20,142,90,255,20,11,11,40,
255,27,30,73,20,142,90,255,20,11,11,40,
255,27,30,73,20,142,90,255,20,11,11,40,
255,27,30,73,20,142,90,255,20,11,11,40,
255,27,30,73,20,142,90,255,20,11,11,40,
255,27,30,73,20,142,90,255,20,11,11,40,
255,27,30,73,20,142,90,255,20,11,11,40,
255,27,30,73,20,142,90,255,20,11,11,40,
255,27,30,73,20,142,90,255,20,11,11,40,
255,27,30,73,20,142,90,255,1,11,11,40,
119,27,30,73,20,142,90,255,1,11,11,40,
119,27,30,73,20,142,90,255,1,11,11,40,
119,27,30,73,20,142,90,255,1,11,11,40,
119,27,30,73,20,142,90,255,1,11,11,40,
119,27,30,73,20,142,90,255,1,11,11,40,
119,27,30,73,20,142,90,255,1,11,11,40,
119,27,30,73,20,142,90,255,1,11,11,40,
119,27,30,73,20,218,90,255,1,11,11,40,
119,27,30,73,20,218,90,255,20,11,11,40,
119,27,30,0,20,218,90,255,20,11,11,40,
119,27,30,223,20,218,90,255,20,11,11,40,
119,27,30,67,20,218,90,255,20,11,11,40,
119,27,30,67,20,218,90,255,6,11,11,40,
119,27,30,67,20,101,90,255,6,11,11,40,
119,27,30,67,20,0,0,255,6,11,11,40,
119,27,30,67,20,0,0,255,20,11,11,40,
119,27,30,67,20,0,0,65,20,11,11,40,
119,27,30,67,20,0,0,65,20,11,11,40,
119,27,30,67,20,0,0,65,20,11,11,40,
119,27,30,67,20,0,0,65,20,11,11,40,
119,27,30,67,20,0,0,65,20,11,11,40,
119,27,30,67,20,0,0,65,20,11,11,40,
119,27,30,67,20,0,0,65,20,11,11,40,
119,27,30,67,20,0,0,65,3,11,11,40,
119,27,30,67,20,0,0,65,3,11,11,40,
119,27,30,67,20,0,0,65,3,11,11,40,
119,27,30,67,20,149,0,65,3,11,11,40,
119,27,30,67,20,149,0,65,11,11,11,40,
119,27,30,67,20,149,0,65,19,11,11,40,
119,27,30,67,20,149,255,65,20,11,11,40,
119,27,30,67,20,149,255,65,1,11,11,40,
119,27,30,67,20,255,255,255,1,11,11,40,
119,27,30,67,20,255,47,255,1,11,11,40,
119,27,30,67,20,255,47,29,1,11,11,40,
119,27,30,67,20,24,47,29,1,11,11,40,
119,27,30,67,20,128,47,29,1,11,11,40,
119,27,30,67,20,128,47,29,20,11,11,40,
119,27,30,67,20,128,47,29,9,11,11,40,
119,27,30,67,20,128,47,29,4,11,11,40,
119,27,30,67,20,128,47,29,16,11,11,40,
62,27,30,67,20,128,47,29,16,11,11,40,
20,27,30,67,20,128,47,29,16,11,11,40,
0,27,30,67,20,128,47,29,16,11,11,40,
101,27,30,67,20,128,47,151,16,11,11,40,
101,27,30,67,20,128,161,151,16,11,11,40,
101,27,30,67,20,128,161,151,5,11,11,40,
101,27,30,67,20,189,161,151,5,11,11,40,
101,27,30,67,20,189,0,0,5,11,11,40,
101,27,30,67,20,189,0,0,20,11,11,40,
101,27,30,67,20,189,0,0,20,11,11,40,
101,27,30,67,20,189,0,0,20,11,11,40,
101,27,30,67,20,189,0,0,20,11,11,40,
101,27,30,67,20,189,0,0,20,11,11,40,
101,27,30,67,20,189,0,0,20,11,11,40,
101,27,30,67,20,189,0,0,20,11,11,40,
101,27,30,67,20,189,0,0,20,11,11,40,
101,27,30,67,20,189,0,255,20,11,11,40,
101,27,30,67,20,112,0,255,20,11,11,40,
101,27,30,67,20,112,164,255,20,11,11,40,
33,27,30,67,20,112,164,255,20,11,11,40,
11,27,30,67,20,112,164,255,20,11,11,40,
0,27,30,67,20,112,164,255,20,11,11,40,
0,27,30,67,20,255,36,255,20,11,11,40,
0,27,30,67,20,255,36,255,20,11,11,40,
0,27,30,67,20,255,36,255,20,11,11,40,
0,27,30,67,20,255,36,255,1,11,11,40,
0,27,30,67,20,255,36,255,1,11,11,40,
0,27,30,67,20,255,36,255,1,11,11,40,
0,27,30,67,20,255,36,255,1,11,11,40,
0,27,30,67,20,255,36,255,1,11,11,40,
0,27,30,67,20,255,36,255,1,11,11,40,
0,27,30,67,20,255,36,255,1,11,11,40,
0,27,30,67,20,255,36,255,1,11,11,40,
0,27,30,67,20,255,36,255,1,11,11,40,
0,27,30,67,20,255,36,255,1,11,11,40,
0,27,30,67,20,255,36,255,1,11,11,40,
0,27,30,67,20,255,36,255,1,11,11,40,
0,27,30,67,20,0,255,0,1,11,11,40,
0,27,30,67,20,0,255,0,20,11,11,40,
0,27,30,67,20,113,255,0,20,11,11,40,
130,27,30,67,20,113,255,0,20,11,11,40,
255,27,30,67,20,113,255,0,20,11,11,40,
255,27,30,67,20,113,255,0,20,11,11,40,
255,27,30,67,20,113,255,0,20,11,11,40,
255,27,30,67,20,113,255,0,20,11,11,40,
255,27,30,67,20,113,255,0,20,11,11,40,
255,27,30,67,20,113,255,0,20,11,11,40,
131,27,30,67,20,113,255,0,20,11,11,40,
16,27,30,67,20,113,255,0,20,11,11,40,
0,27,30,67,20,113,255,0,20,11,11,40,
193,27,30,67,20,113,255,0,20,11,11,40,
255,27,30,67,20,113,255,0,20,11,11,40,
255,27,30,67,20,113,255,0,20,11,11,40,
255,27,30,67,20,113,255,0,20,11,11,40,
90,27,30,67,20,113,255,0,20,11,11,40,
90,27,30,67,20,113,255,0,20,11,11,40,
31,27,30,67,20,113,255,0,20,11,11,40,
12,27,30,67,20,113,255,0,20,11,11,40,
25,27,30,67,20,113,255,0,20,11,11,40,
31,27,30,67,20,113,255,0,20,11,11,40,
255,27,30,67,20,113,255,0,20,11,11,40,
255,27,30,67,20,113,255,0,20,11,11,9,
255,27,30,67,20,113,255,0,20,11,11,1,
255,27,30,67,20,113,255,0,20,11,11,40,
255,27,30,67,20,113,255,0,20,11,11,16,
255,27,30,67,20,113,255,0,20,11,11,1,
255,27,30,67,20,113,255,0,20,11,11,1,
255,27,30,67,20,113,255,0,20,11,11,14,
255,27,30,67,20,113,255,0,20,11,11,24,
255,27,30,67,20,113,255,0,20,11,11,31,
255,27,30,67,20,113,255,0,20,11,11,31,
255,27,30,67,20,113,255,0,20,11,11,31,
255,27,30,67,20,113,255,0,20,11,11,31,
255,27,30,67,20,113,255,0,20,11,11,31,
255,27,30,67,20,113,255,0,20,11,11,31,
255,27,30,67,20,113,255,0,20,11,11,31,
255,27,30,67,20,113,255,0,20,11,11,2,
255,27,30,67,20,113,255,0,20,11,11,2,
255,27,30,67,20,113,255,0,20,11,11,2,
255,27,30,114,20,113,255,0,20,11,11,2,
255,27,30,47,20,113,255,0,20,11,11,2,
255,27,30,33,20,113,255,0,20,11,11,2,
255,27,30,33,20,113,255,0,20,11,11,2,
255,27,30,33,20,113,255,0,20,11,11,2,
255,27,30,33,20,113,255,0,20,39,39,2,
255,27,30,123,20,113,255,0,20,39,39,2,
255,27,30,123,20,113,255,0,20,39,39,2,
255,27,30,123,20,113,255,0,20,39,39,2,
255,27,30,123,20,113,255,0,20,39,39,2,
255,27,30,123,20,113,255,0,20,39,39,2,
255,27,30,123,20,113,255,0,20,39,39,2,
255,27,30,123,20,113,255,0,20,39,39,2,
255,27,30,123,20,113,255,0,20,39,39,2,
255,27,30,123,20,113,255,0,20,39,39,2,
255,27,30,123,20,113,255,0,20,39,39,2,
255,27,30,123,20,113,255,0,20,39,39,2,
255,27,30,123,20,113,255,0,20,39,39,2,
255,27,30,123,20,113,255,0,20,39,39,2,
255,27,30,123,20,113,255,0,20,39,39,2,
255,27,30,123,20,113,255,0,20,39,39,2,
255,27,30,123,20,113,255,0,20,39,39,2,
255,27,30,123,20,113,255,0,20,39,39,2,
255,27,30,123,20,113,255,0,20,39,39,2,
255,27,30,123,20,113,255,0,20,39,39,2,
255,27,30,123,20,113,255,0,20,39,39,2,
255,27,30,123,20,113,255,0,20,39,39,2,
255,27,30,123,20,113,255,0,20,39,39,2,
255,27,30,123,20,113,255,0,20,39,39,2,
255,27,30,123,20,113,255,0,20,39,39,2,
255,27,30,123,20,113,255,0,20,39,39,2,
255,27,30,123,20,113,255,0,20,39,39,2,
255,27,30,123,20,113,255,0,20,39,39,2,
255,27,30,123,20,113,255,0,20,39,39,2,
255,27,30,123,20,113,255,0,20,39,39,2,
255,27,30,123,20,113,255,0,20,39,39,2,
255,27,30,123,20,113,255,172,20,39,39,2,
255,27,30,123,20,113,255,172,20,39,39,2,
255,27,30,123,20,113,255,172,20,39,39,2,
255,27,30,123,20,113,255,172,20,39,39,2,
255,27,30,123,20,113,255,172,20,39,39,2,
255,27,30,123,20,113,255,172,20,39,39,2,
255,27,30,123,20,113,255,172,20,39,39,2,
95,27,30,123,20,113,255,172,20,39,39,2,
95,27,30,123,20,113,255,172,20,39,39,2,
95,27,30,123,20,113,255,172,20,39,39,2,
95,27,30,123,20,113,255,172,20,39,39,2,
95,27,30,123,20,113,255,172,20,39,39,2,
95,27,30,123,20,113,255,172,20,39,39,2,
95,27,30,123,20,113,255,172,20,39,39,2,
95,27,30,123,20,113,255,172,20,39,39,2,
95,27,30,123,20,113,255,172,20,39,39,2,
95,27,30,123,20,113,255,172,20,39,39,2,
95,27,30,123,20,113,255,172,20,39,39,2,
95,27,30,123,20,113,255,172,20,39,39,2,
95,27,30,123,20,113,255,172,20,39,39,2,
95,27,30,123,20,113,255,172,20,39,39,2,
95,27,30,123,20,113,255,172,20,39,39,2,
95,27,30,123,20,113,255,172,20,39,39,2,
95,27,30,123,20,113,255,172,20,39,39,2,
95,27,30,123,20,113,255,172,20,39,39,2,
95,27,30,123,20,113,255,172,20,39,39,2,
95,27,30,123,20,113,255,172,20,39,39,2,
95,27,30,123,20,113,91,172,20,39,39,2,
95,27,30,123,20,113,91,209,20,39,39,2,
95,27,30,123,20,11,17,209,20,39,39,2,
95,27,30,123,20,11,255,131,20,39,39,2,
95,27,30,123,20,126,255,131,20,39,39,2,
95,27,30,123,20,126,255,131,20,39,39,2,
95,27,30,123,20,126,255,131,20,39,39,2,
95,27,30,123,20,126,255,131,20,39,39,2,
95,27,30,123,20,126,255,131,20,39,39,2,
195,27,30,123,20,126,255,131,20,39,39,2,
103,27,30,123,20,126,255,131,20,39,39,2,
103,27,30,123,20,126,255,131,20,39,39,2,
103,27,30,123,20,126,255,131,20,39,39,2,
103,27,30,123,20,201,255,131,20,39,39,2,
103,27,30,123,20,201,255,131,20,39,39,2,
103,27,30,123,20,201,255,131,20,39,39,2,
17,27,30,123,20,201,255,131,20,39,39,2,
8,27,30,123,20,201,255,131,20,39,39,2,
146,27,30,123,20,201,255,131,20,39,39,2,
197,27,30,123,20,201,255,131,20,39,39,2,
197,27,30,123,20,90,255,131,20,39,39,2,
197,27,30,123,20,90,255,201,20,39,39,2,
197,27,30,123,20,90,255,201,1,39,39,2,
197,27,30,123,20,90,255,201,15,39,39,2,
197,27,30,123,20,90,255,201,20,39,39,2,
197,27,30,123,20,90,255,0,20,39,39,2,
197,27,30,123,20,255,255,255,20,39,39,2,
197,27,30,123,20,255,255,255,1,39,39,2,
197,27,30,123,20,255,255,255,1,39,39,2,
197,27,30,123,20,255,255,255,1,39,39,2,
197,27,30,123,20,255,255,255,1,39,39,2,
197,27,30,123,20,255,255,255,1,39,39,2,
197,27,30,123,20,255,255,255,1,39,39,2,
197,27,30,123,20,255,255,255,1,39,39,2,
197,27,30,123,20,255,255,255,1,39,39,2,
197,27,30,123,20,255,255,255,1,39,39,2,
197,27,30,123,20,255,255,255,1,39,39,2,
197,27,30,123,20,255,255,255,1,39,39,2,
197,27,30,123,20,255,255,255,1,39,39,2,
197,27,30,123,20,255,255,255,20,39,39,2,
197,27,30,123,20,255,255,255,20,39,39,2,
197,27,30,123,20,255,255,255,20,39,39,2,
197,27,30,123,20,255,255,255,20,39,39,2,
197,27,30,123,20,255,255,255,20,39,39,2,
197,27,30,123,20,255,255,255,20,39,39,2,
197,27,30,123,20,255,255,255,20,39,39,2,
197,27,30,123,20,255,255,255,20,39,39,2,
197,27,30,123,20,255,255,255,20,39,39,2,
197,27,30,123,20,255,255,255,20,39,39,2,
197,27,30,123,20,255,255,255,20,39,39,2,
197,27,30,123,20,255,255,255,20,39,39,2,
197,27,30,123,20,255,255,255,20,39,39,2,
197,27,30,123,20,255,255,255,20,39,39,2,
197,27,30,123,20,255,255,255,20,39,39,2,
197,27,30,123,20,255,255,255,20,39,39,2,
197,27,30,123,20,255,255,255,20,39,39,2,
197,27,30,123,20,255,255,255,20,39,39,2,
197,27,30,123,20,255,255,255,20,39,39,2,
197,27,30,123,20,255,255,255,20,39,39,2,
197,27,30,123,20,255,255,255,20,39,39,2,
197,27,30,123,20,255,255,255,20,39,39,2,
197,27,30,123,20,255,255,255,20,39,39,2,
197,27,30,123,20,255,255,255,20,39,39,2,
197,27,30,123,20,255,255,255,4,39,39,2,
197,27,30,123,20,105,255,255,4,39,39,2,
197,27,30,123,20,105,255,255,4,39,39,2,
197,27,30,123,20,105,255,255,4,39,39,2,
112,27,30,123,20,105,255,255,4,39,39,2,
10,27,30,123,20,105,255,255,4,39,39,2,
36,27,30,123,20,105,255,255,4,39,39,2,
36,27,30,123,20,105,29,48,20,39,39,2,
187,27,30,123,20,105,29,48,20,39,39,2,
255,27,30,123,20,105,29,48,20,39,39,2,
255,27,30,123,20,105,216,48,20,39,39,2,
255,27,30,123,20,209,216,48,20,39,39,2,
255,27,30,123,20,255,255,255,20,39,39,2,
255,27,30,123,20,255,255,255,1,39,39,2,
255,27,30,123,20,255,255,255,1,39,39,2,
255,27,30,123,20,255,255,255,11,39,39,2,
255,27,30,123,20,255,255,255,11,39,39,2,
255,27,30,123,20,255,255,255,20,39,39,2,
255,27,30,123,20,255,255,255,1,39,39,2,
255,27,30,123,20,255,255,255,20,39,39,2,
255,27,30,123,20,255,255,255,1,39,39,2,
255,27,30,123,20,255,255,255,20,39,39,2,
255,27,30,123,20,255,255,255,8,39,39,2,
255,27,30,123,20,255,255,255,5,39,39,2,
255,27,30,123,20,255,255,255,14,39,39,2,
255,27,30,123,20,255,255,255,20,39,39,2,
255,27,30,123,20,255,255,255,20,39,39,2,
255,27,30,123,20,255,255,255,20,39,39,2,
255,27,30,123,20,255,255,255,20,39,39,2,
255,27,30,123,20,0,255,255,20,39,39,2,
58,27,30,123,20,255,255,255,20,39,39,2,
6,27,30,123,20,255,255,255,20,39,39,2,
255,27,30,123,20,255,255,255,20,39,39,2,
255,27,30,123,20,94,255,255,20,39,39,2,
255,27,30,123,20,94,255,255,1,39,39,2,
0,27,30,123,20,94,255,255,1,39,39,2,
255,27,30,123,20,94,255,255,1,39,39,2,
135,27,30,123,20,94,255,255,1,39,39,2,
0,27,30,123,20,94,255,255,1,39,39,2,
255,27,30,123,20,94,255,255,1,39,39,2,
255,27,30,123,20,255,255,255,8,39,39,2,
255,27,30,123,20,255,255,255,20,39,39,2,
255,27,30,123,20,255,255,255,3,39,39,2,
255,27,30,123,20,255,255,255,1,39,39,2,
255,27,30,123,20,255,255,255,20,39,39,2,
255,27,30,70,20,255,255,255,20,39,39,2,
255,27,30,70,20,255,255,255,3,39,39,2,
255,27,30,70,20,255,255,255,20,39,39,2,
255,27,30,70,20,105,96,255,20,39,39,2,
128,27,30,70,20,105,96,255,20,39,39,2,
128,27,30,38,20,105,96,255,20,39,39,2,
128,27,30,71,20,105,96,255,20,39,39,2,
128,27,30,100,20,105,96,255,20,39,39,2,
128,27,30,207,20,105,96,255,20,39,39,2,
128,27,30,207,20,105,96,255,20,39,39,2,
128,27,30,0,20,105,96,255,20,39,39,2,
128,27,30,72,20,105,96,255,20,39,39,2,
128,27,30,66,20,105,96,255,20,39,39,2,
128,27,30,52,20,105,96,255,20,39,39,2,
128,27,30,87,20,105,96,255,20,39,39,2,
128,27,30,17,20,105,96,255,20,39,39,2,
128,27,30,30,20,105,96,255,20,39,39,2,
128,27,30,48,20,105,96,255,20,39,39,2,
128,27,30,54,20,105,96,255,20,39,39,2,
128,27,30,54,20,255,0,0,20,39,39,2,
128,27,30,54,20,255,0,0,20,39,39,2,
128,27,30,54,20,255,0,0,20,39,39,2,
128,27,30,54,20,255,0,0,20,39,39,2,
128,27,30,84,20,255,0,0,20,39,39,2,
128,27,30,84,20,255,0,0,1,39,39,2,
128,27,30,84,20,0,0,0,1,39,39,2,
255,27,30,84,20,0,0,0,1,39,39,2,
19,27,30,84,20,0,0,0,1,39,39,2,
126,27,30,84,20,0,0,0,1,39,39,2,
126,27,30,84,20,255,0,0,20,39,39,2,
126,27,30,84,20,0,0,0,1,39,39,2,
182,27,30,84,20,0,0,0,1,39,39,2,
212,27,30,84,20,0,0,0,1,39,39,2,
90,27,30,84,20,0,0,0,1,39,39,2,
119,27,30,84,20,0,0,0,1,39,39,2,
155,27,30,84,20,0,0,0,1,39,39,2,
202,27,30,84,20,0,0,0,1,39,39,2,
202,27,30,100,20,0,0,0,1,39,39,2,
202,27,30,142,20,0,0,0,1,39,39,2,
202,27,30,142,20,0,0,0,1,39,39,2,
202,27,30,130,20,0,0,0,1,39,39,2,
177,27,30,130,20,0,0,0,1,39,39,2,
158,27,30,130,20,0,0,0,1,39,39,2,
158,27,30,193,20,0,0,0,1,39,39,2,
158,27,30,118,20,0,0,0,1,39,39,2,
158,27,30,118,20,0,0,0,1,39,39,2,
158,27,30,133,20,0,0,0,1,39,39,2,
158,27,30,131,20,0,0,0,1,39,39,2,
172,27,30,131,20,0,0,0,1,39,39,2,
173,27,30,131,20,0,0,0,1,39,39,2,
173,27,30,131,20,0,0,255,1,39,39,2,
173,27,40,131,20,0,0,255,1,39,39,2,
156,27,40,131,20,0,0,255,1,39,39,2,
140,27,40,131,20,0,0,255,1,39,39,2,
140,27,40,131,20,0,0,255,1,39,39,2,
140,27,40,131,20,0,0,255,1,22,22,2,
140,27,40,131,20,0,0,255,1,22,22,2,
140,27,40,131,20,0,0,255,1,22,22,2,
140,27,40,131,20,0,0,255,1,22,22,2,
140,27,40,131,20,255,0,1,1,22,22,2,
140,27,40,131,20,255,0,1,1,22,22,2,
140,27,40,131,20,255,0,1,1,22,22,2,
161,27,40,131,20,255,0,1,1,22,22,2,
181,27,40,131,20,255,0,1,1,22,22,2,
207,27,40,131,20,255,0,1,1,22,22,2,
207,27,40,131,20,255,0,1,1,22,22,2,
207,27,40,131,20,255,0,1,1,22,22,2,
207,27,40,131,20,255,0,1,1,39,38,2,
207,27,40,131,20,255,0,1,1,39,38,2,
207,27,40,131,20,255,0,1,1,39,38,2,
207,27,40,131,20,255,0,1,1,39,38,2,
207,27,40,131,20,255,0,1,1,39,38,2,
207,27,40,131,20,255,0,1,1,39,38,2,
207,27,40,131,20,255,0,1,1,39,38,2,
207,27,40,131,20,255,0,1,1,39,38,2,
207,27,40,131,20,255,0,1,1,39,38,2,
207,27,40,131,20,255,0,1,1,39,38,2,
219,27,40,131,20,255,0,1,1,39,38,2,
228,27,40,131,20,255,0,1,1,39,38,2,
228,27,40,131,20,255,255,255,20,39,38,2,
207,27,40,131,20,255,255,255,20,39,38,2,
202,27,40,131,20,255,255,255,20,39,38,2,
210,27,40,131,20,255,255,255,20,39,38,2,
210,27,40,131,20,255,255,255,20,39,38,2,
210,27,40,131,20,255,255,255,1,39,38,2,
197,27,40,131,20,255,255,255,1,39,38,2,
147,27,40,131,20,255,255,255,1,39,38,2,
168,27,40,131,20,255,255,255,1,39,38,2,
167,27,40,131,20,255,255,255,1,39,38,2,
167,27,40,131,20,255,255,255,20,39,38,2,
167,27,40,131,20,0,0,0,20,39,38,2,
167,27,40,131,20,255,255,255,20,39,38,2,
82,27,40,131,20,255,255,255,20,39,38,2,
243,27,40,131,20,255,255,255,20,39,38,2,
255,27,40,131,20,255,255,255,20,39,38,2,
246,27,40,131,20,255,255,255,20,39,38,2,
234,27,40,131,20,255,255,255,20,39,38,2,
234,27,40,131,20,255,255,255,20,39,38,2,
234,27,40,131,20,255,255,255,20,39,38,2,
234,27,40,131,20,255,255,255,20,39,38,2,
234,27,40,131,20,255,255,255,20,39,38,2,
224,27,40,131,20,255,255,255,20,39,38,2,
224,27,40,131,20,255,255,255,20,39,38,2,
224,27,40,131,20,255,255,255,20,39,38,2,
212,27,40,131,20,255,255,255,20,39,38,2,
192,27,40,131,20,255,255,255,20,39,38,2,
200,27,40,131,20,255,255,255,20,39,38,2,
200,27,40,131,20,0,255,0,20,39,38,2,
200,27,40,131,20,0,255,0,20,39,38,2,
200,27,40,131,20,0,255,0,20,39,38,2,
200,27,40,131,20,0,255,0,20,39,38,2,
200,29,33,131,20,0,255,0,20,39,38,2,
200,29,33,33,20,0,255,0,20,20,38,2,0
122,29,33,33,20,0,255,0,20,20,38,2,0
122,29,33,33,20,0,255,0,20,20,38,2,0
122,29,33,33,20,13,255,0,20,20,38,2,0
122,29,33,33,20,0,255,53,20,20,38,2,0
122,29,33,33,20,0,255,0,20,20,38,2,19
122,29,33,33,20,0,255,0,20,20,38,36,0
122,29,33,33,20,0,255,0,20,20,38,36,0
122,29,33,33,20,0,255,0,20,20,38,36,0
122,29,33,33,20,0,255,0,20,20,38,36,0
122,29,33,33,20,0,255,0,20,20,38,36,0
122,29,33,33,20,0,255,0,20,20,38,36,0
122,29,33,33,20,0,255,0,20,20,38,36,0
122,29,33,33,20,0,255,0,20,20,38,36,0
122,29,33,33,20,0,255,0,20,20,38,36,0
122,29,33,33,20,0,255,0,20,20,38,36,0
122,29,33,33,20,0,255,0,20,20,38,36,0
122,29,33,33,20,0,255,0,20,20,38,36,0
122,29,33,33,20,0,255,0,20,20,38,36,0
122,29,33,33,20,0,255,0,20,20,38,36,0
122,29,33,33,20,0,255,0,20,20,38,36,0
122,29,33,33,20,0,255,0,20,20,38,36,0
122,29,33,33,20,0,255,0,20,20,38,36,0
122,29,33,33,20,0,255,0,20,20,38,36,0
122,29,33,33,20,0,255,0,20,20,38,36,13
122,29,33,33,20,0,255,0,20,20,38,36,21
122,29,33,33,20,21,255,0,20,20,38,36,21
122,29,33,33,63,21,255,0,20,20,38,36,21
122,29,33,33,63,21,255,65,20,20,38,36,21
122,29,33,33,63,21,255,65,20,20,38,36,21
122,29,33,23,63,21,255,65,20,20,38,36,21
122,29,33,23,63,21,255,65,20,20,38,36,21
122,29,33,23,63,21,255,65,20,20,38,36,21
122,29,33,23,63,21,255,65,20,20,38,36,21
122,29,33,23,63,21,255,65,20,20,38,36,21
122,29,33,23,63,21,255,65,20,20,38,36,21
122,29,33,23,63,21,255,65,20,20,38,36,21
122,29,33,23,63,21,255,65,20,20,38,36,21
122,29,33,33,63,21,255,65,20,20,38,36,21
122,29,33,33,63,21,255,65,20,20,38,36,21
122,11,33,33,63,21,255,65,20,20,38,36,21
122,25,33,33,63,21,255,65,20,20,38,36,21
189,25,33,33,63,21,255,65,20,20,38,36,21
189,25,33,33,63,21,255,65,108,20,38,36,21
189,25,33,33,63,21,255,65,108,20,38,36,21
189,25,33,33,63,21,255,65,108,20,38,36,21
189,25,33,33,63,21,255,65,108,20,38,36,21
189,25,33,33,63,21,255,65,108,20,38,36,21
189,25,33,33,63,21,255,65,108,20,38,36,21
189,25,33,33,63,21,255,65,108,8,38,36,21
189,25,33,33,63,21,255,65,108,5,38,36,21
189,25,33,33,63,21,142,65,108,5,38,36,21
189,25,33,33,63,21,142,65,108,5,38,36,21
189,25,33,33,63,21,142,65,108,5,38,36,21
189,25,33,33,63,21,142,65,108,5,38,36,21
189,25,33,33,63,21,255,65,108,5,38,36,21
189,25,33,33,63,21,255,0,0,20,38,36,21
189,29,31,33,63,21,255,0,0,20,38,36,21
0,29,31,33,63,21,255,0,0,20,38,36,21
149,29,31,31,63,21,255,0,0,20,38,36,21
149,29,31,31,63,21,255,255,0,20,38,36,21
149,29,31,31,63,21,0,255,0,20,38,36,21
149,29,31,31,63,21,0,255,0,3,38,36,21
149,29,31,31,63,21,0,255,0,1,38,36,21
149,29,31,31,63,21,0,255,0,1,38,36,21
149,29,31,31,63,21,0,255,0,5,38,36,21
149,29,31,31,63,21,0,255,0,20,38,36,21
149,29,31,31,63,21,0,255,0,20,38,36,21
149,29,31,31,63,21,0,255,0,10,38,36,21
149,29,31,31,63,21,0,255,0,1,38,36,21
149,29,31,31,63,21,255,255,255,1,38,36,21
149,29,31,31,63,21,255,255,255,20,38,36,21
149,29,31,31,63,21,255,255,255,6,38,36,21
149,29,31,31,63,21,255,255,255,6,38,36,21
149,29,31,31,63,21,255,255,255,6,38,36,21
149,29,31,31,168,21,255,255,255,6,38,36,21
149,29,31,31,142,21,255,255,255,6,38,36,21
149,29,31,31,40,21,255,255,255,6,38,36,21
149,29,31,31,40,21,255,255,255,13,38,36,21
149,29,31,31,40,21,255,255,255,20,38,36,21
149,29,31,31,40,21,0,0,255,20,38,36,21
149,29,31,31,40,21,0,0,255,20,38,36,21
149,29,31,31,40,21,0,0,255,20,38,36,21
149,29,31,31,53,21,0,0,255,20,38,36,21
149,29,31,31,98,21,0,0,255,20,38,36,21
149,29,31,31,25,21,0,0,255,20,38,36,21
149,29,31,31,255,21,0,0,255,20,38,36,21
149,29,31,31,40,21,0,0,255,20,38,36,21
149,29,31,31,40,21,0,0,255,20,38,38,21
149,29,31,31,40,21,0,0,255,20,38,38,21
149,29,31,31,40,21,255,255,255,20,38,38,21
149,23,26,29,40,21,255,255,255,20,38,38,21
151,23,26,29,40,21,255,255,255,20,38,38,21
169,23,26,29,40,21,255,255,255,20,38,38,21
191,23,26,29,40,21,255,255,255,20,38,38,21
191,23,26,29,35,21,255,255,255,20,38,38,21
202,23,26,29,35,21,255,255,255,20,38,38,21
221,23,26,29,35,21,255,255,255,20,38,38,21
221,23,26,29,50,21,255,255,255,20,38,38,21
221,23,26,29,73,21,255,255,255,20,38,38,21
221,23,26,29,99,21,255,255,255,20,38,38,21
221,23,26,29,140,21,255,255,255,20,38,38,21
221,23,26,29,107,21,255,255,255,20,38,38,21
221,23,26,29,90,21,255,255,255,20,38,38,21
221,23,26,29,71,21,255,255,255,20,38,38,21
211,23,26,29,71,21,255,255,255,20,38,38,21
211,23,26,29,54,21,255,255,255,20,38,38,21
211,23,26,29,50,21,255,255,255,20,38,38,21
186,23,26,29,50,21,255,255,255,20,38,38,21
186,23,26,29,50,21,255,255,255,20,38,38,21
205,23,26,29,89,21,255,255,255,20,38,38,21
205,23,26,7,89,21,255,255,255,20,38,38,21
205,23,26,7,89,21,255,255,255,20,38,38,21
205,23,26,40,89,21,255,255,255,20,38,38,21
205,23,26,29,89,21,255,255,255,20,38,38,21
205,23,26,29,81,21,255,255,255,20,38,38,21
205,23,26,29,72,21,255,255,255,20,38,38,21
188,23,26,29,72,21,255,255,255,20,38,38,21
167,23,26,29,72,21,255,255,255,20,38,38,21
167,23,26,29,72,21,255,255,255,20,38,38,21
137,23,26,29,72,21,255,255,255,20,38,38,21
137,23,26,29,72,21,255,255,255,20,38,38,21
189,23,26,29,72,21,255,255,255,20,38,38,21
198,23,26,29,72,21,255,255,255,20,38,38,21
224,23,26,29,72,21,255,255,255,20,38,38,21
